{
    "chuyennganhhep": [
        { 
            "name": "Phát triển phần mềm",
            "level1": "Công nghệ thông tin"
        },
        { 
            "name": "Lập trình Web",
            "level1": "Công nghệ thông tin"
        },
        { 
            "name": "Lập trình Mobile",
            "level1": "Công nghệ thông tin"
        },
        { 
            "name": "Ứng dụng phần mềm (dự kiến)",
            "level1": "Công nghệ thông tin"
        },
        { 
            "name": "Xử lý dữ liệu (dự kiến)",
            "level1": "Công nghệ thông tin" 
        },
        { 
            "name": "Digital Marketing",
            "level1": "Quản trị kinh doanh"
        },
        { 
            "name": "Quan hệ công chúng & tổ chức sự kiện",
            "level1": "Quản trị kinh doanh"
        },
        { 
            "name": "Marketing & sale",
            "level1": "Quản trị kinh doanh" 
        },
        { 
            "name": "Quản trị khách sạn",
            "level1": "Quản trị kinh doanh" 
        },
        { 
            "name": "Quản trị nhà hàng (dự kiến)",
            "level1": "Quản trị kinh doanh" 
        },
        { 
            "name": "Logistics (dự kiến)",
            "level1": "Quản trị kinh doanh"
        },
        { 
            "name": "Công nghệ kỹ thuật điện, điện tử",
            "level1": "Công nghệ Kỹ thuật điều khiển & Tự động hoá" 
        },
        { 
            "name": "Điện công nghiệp",
            "level1": "Công nghệ Kỹ thuật điều khiển & Tự động hoá" 
        },
        { 
            "name": "CN kỹ thuật điều khiển & tự động hóa",
            "level1": "Công nghệ Kỹ thuật điều khiển & Tự động hoá" 
        },
        { 
            "name": "Chăm sóc da & spa",
            "level1": "Thẩm mĩ làm đẹp"  
        },
        {
            "name": "Trang điểm nghệ thuật",
            "level1": "Thẩm mĩ làm đẹp"   
        },
        { 
            "name": "Phun xăm thẩm mỹ",
            "level1": "Thẩm mĩ làm đẹp"   
        },
        { 
            "name": "Công nghệ móng",
            "level1": "Thẩm mĩ làm đẹp"   
        },
        { 
            "name": "Công nghệ kỹ thuật cơ khí",
            "level1": "Ngành khác"   
        },
        { 
            "name": "Thiết kế đồ họa",
            "level1": "Ngành khác" 
        },
        { 
            "name": "Hướng dẫn du lịch",
            "level1": "Ngành khác"
        }
    ],
    "chuyennganh": [
        {"name": "Công nghệ thông tin"},
        {"name": "Quản trị kinh doanh"},
        {"name": "Công nghệ Kỹ thuật điều khiển & Tự động hoá"},
        {"name": "Thẩm mĩ làm đẹp"},
        {"name": "Ngành khác"}
    ]
}